"id","Name"
1,"al-Quadri, Ridwaan"
2,"Qureshi, Mustafa"
3,"Walker, Icenia"
4,"Kim, Vivian"
5,"Melgoza, Ruben"
6,"Zhao, Erica"
7,"Moore, Asia"
8,"Walden, Joey"
9,"Dutchie, Alexandra"
10,"al-Farid, Kaalim"
11,"Leaks, Tyrell"
12,"al-Saad, Asmar"
13,"Miles, Christina"
14,"Kinder, Quinlan"
15,"Cotton, Valencia"
16,"el-Farhat, Saadiq"
17,"el-Hassen, Raita"
18,"Jackson, Diamond"
19,"Kurowski, Trevor"
20,"el-Asad, Sahar"
21,"Handley, April"
22,"Carlson, Alec"
23,"Joyner, Saron"
24,"Mai, Robert"
25,"Craig, Ethan"
26,"Bille, Alexander"
27,"Aragon, Kyle"
28,"Warren, Isaiah"
29,"Jivan, Jasmine"
30,"Dye, Othell"
31,"Singh, Harman"
32,"Doughty, Nova"
33,"Molinar, Tone"
34,"al-Saidi, Abdus Samad"
35,"Keller, Codie"
36,"Davis, Chelsea"
37,"Cross, Maya"
38,"Juniel, Isaiah"
39,"Crane, Lyndell"
40,"Salazar, Samuel"
41,"Palacio, Tatiana"
42,"Jones, Areonna"
43,"Clark, Sydney"
44,"al-Shaheed, Qaaida"
45,"Razo, Daisy"
46,"Kim, Betty"
47,"Hyden-Terry, Noe"
48,"Walker, Michael"
49,"al-Soltani, Tuhfa"
50,"Duran, Margarita"
51,"el-Hatem, Sultan"
52,"Gomer, Kindra"
53,"Carter, Ronald"
54,"Ray, Cyrus"
55,"Olguin, Davidray"
56,"Wommack, Maurice"
57,"Brim, Alexander"
58,"Barron, Jo"
59,"Pritchard, Jernayiah"
60,"Palacios, Omar"
